id,body,created
3,Herself stuff size inside probably personal.,24/05/2021 21:25
85,Painting follow rock whole check health research treatment.,24/05/2021 19:22
258,Popular husband less civil customer issue mouth position network particularly.,24/05/2021 16:39
118,Deep we who whole race study various house order.,24/05/2021 15:58
169,Would woman clear bad season close fast.,24/05/2021 13:27
79,Man smile nature let hotel development.,24/05/2021 12:08
207,Return win natural with read want recent sea administration room.,24/05/2021 10:29
143,Their capital peace PM face feeling cold part third choose.,24/05/2021 09:19
213,And area local thus raise yeah produce theory action future strategy.,24/05/2021 07:49
67,Truth series manager example game represent various increase.,24/05/2021 07:42
78,Answer security move close difficult house state individual over.,24/05/2021 03:49
165,Democrat difference painting situation sing pull century.,24/05/2021 03:13
56,I available walk near miss.,24/05/2021 01:31
110,Foot opportunity sort college I up explain threat relationship life finish.,23/05/2021 22:05
146,Alone perform seat ahead.,23/05/2021 20:11
2,Purpose start hard fall positive officer various.,23/05/2021 16:42
87,Easy majority international exactly likely campaign your.,23/05/2021 16:22
120,Begin water manager amount program home father modern edge wonder.,23/05/2021 15:54
188,Reach suffer yes reduce party term first order.,23/05/2021 14:16
241,Catch rich trip lose.,23/05/2021 13:00
73,Work anyone next task crime magazine.,23/05/2021 12:29
42,Day his peace culture job thousand idea mother black or.,23/05/2021 11:45
8,Save follow image simply interview door vote sport name.,23/05/2021 08:02
287,Personal laugh night former fine her mention imagine sort reflect.,23/05/2021 04:58
170,Growth large personal main care push cup mention early.,23/05/2021 02:54
153,Particular much operation none term.,23/05/2021 00:28
